	INSERT INTO `categoria` (`id`, `categoria`) VALUES
	(1, 'Berlina'),
	(2, 'Cabriolet'),
	(3, 'Coupè'),
	(4, 'Suv'),
	(5, 'Fuoristrada'),
	(6, 'Utilitaria');

	INSERT INTO `colore` (`id`, `nome`) VALUES
	(1, 'bianco'),
	(2, 'nero'),
	(3, 'arancione'),
	(4, 'rosso'),
	(5, 'giallo'),
	(6, 'blu'),
	(7, 'azzurro'),
	(8, 'verde'),
	(9, 'grigio'),
	(10, 'viola');

	INSERT INTO `marca` (`id`, `marca`) VALUES
	(1, 'Volkswagen'),
	(2, 'Ford'),
	(3, 'Renault'),
	(4, 'Opel'),
	(5, 'Fiat');

	INSERT INTO `modello` (`id`, `modello`) VALUES
	(1, 'Golf'),
	(2, 'Passat'),
	(3, 'Tuareg'),
	(4, 'Fiesta'),
	(5, 'Mondeo'),
	(6, 'Kuga'),
	(7, 'Clio'),
	(8, 'Megane'),
	(9, 'Kadjar'),
	(10, 'Adam'),
	(11, 'Astra'),
	(12, 'Crossland X'),
	(13, '500'),
	(14, '124 Spider'),
	(15, 'Fullback');

	INSERT INTO `rel_marca_categoria` (`id_relazione`, `fk_modello`, `fk_marca`, `fk_categoria`) VALUES
	(1, 1, 1, 6),
	(2, 2, 1, 1),
	(3, 3, 1, 4),
	(4, 4, 2, 6),
	(5, 5, 2, 1),
	(6, 6, 2, 4),
	(7, 7, 3, 6),
	(8, 8, 3, 1),
	(9, 9, 3, 4),
	(10, 10, 4, 6),
	(11, 11, 4, 1),
	(12, 12, 4, 4),
	(13, 13, 5, 6),
	(14, 14, 5, 2),
	(15, 15, 5, 5);

	INSERT INTO `auto` (`id`, `numeroTelaio`, `targa`, `kilometri`, `noleggiata`, `data_scadenza_assicurazione`, `prezzoGiornaliero`, `n_Porte`, `fk_rel_marca_categoria`, `fk_colore`) VALUES
	(1, '55154-5440', 'CH152OP', 72625, 0, '2017-11-25', 41, 3, 3, 1),
	(2, '21695-357', 'MI982PO', 62585, 0, '2017-12-07', 97, 5, 10, 1),
	(3, '49349-207', 'AZ456OL', 74524, 0, '2017-11-30', 50, 4, 5, 1),
	(4, '0268-1198', 'AA666DT', 60925, 0, '2017-11-30', 98, 4, 8, 10),
	(5, '49546-106', 'CH134EB', 74048, 0, '2017-12-14', 65, 3, 14, 1),
	(6, '36800-211', 'BM187HG', 23460, 0, '2017-12-06', 86, 4, 3, 10),
	(7, '37012-296', 'AO567HH', 81149, 0, '2017-12-07', 89, 5, 14, 4),
	(8, '0363-0823', 'CV044HH', 22771, 0, '2017-11-25', 59, 4, 13, 4),
	(9, '43063-457', 'AA000AA', 79308, 0, '2017-07-11', 66, 2, 8, 10),
	(10, '41595-7009', 'BF199TG', 86628, 1, '2017-12-01', 63, 2, 6, 4),
	(11, '43269-795', 'CD685LI', 83093, 1, '2017-12-07', 94, 3, 14, 2),
	(12, '54868-6189', 'CR569RF', 19494, 1, '2017-12-14', 59, 4, 8, 10),
	(13, '11523-7291', 'ER440LN', 28071, 1, '2017-12-09', 41, 2, 10, 3),
	(14, '65162-711', 'FE123AA', 94437, 0, '2017-12-08', 81, 2, 10, 3),
	(15, '65044-0825', 'BC778DT', 69392, 1, '2017-12-03', 70, 2, 4, 2);

	INSERT INTO `noleggio` (`id`, `fk_auto`, `prezzo`, `assicurazione_noleggio`, `data_inizio`, `data_fine`, `pagato`, `utente`) VALUES
	(1, 1, 91.5, 'gold', '2017-05-22', '2017-06-27', 1, 'Norene'),
	(2, 2, 71.0, 'premium', '2017-05-12', '2017-05-22', 1, 'Vannie'),
	(3, 3, 84.9, 'premium', '2017-05-13', '2017-06-03', 0, 'Cori'),
	(4, 4, 48.9, 'premium', '2017-05-15', '2017-06-08', 1, 'Tamma'),
	(5, 5, 44.6, 'gold', '2017-05-05', '2017-06-12', 0, 'Kristo'),
	(6, 6, 62.5, 'basic', '2017-05-04', '2017-07-01', 1, 'Nanice'),
	(7, 7, 44.4, 'premium', '2017-05-18', '2017-06-29', 1, 'Vivian'),
	(8, 8, 83.5, 'basic', '2017-05-13', '2017-07-12', 1, 'Delano'),
	(9, 9, 61.4, 'premium', '2017-05-25', '2017-06-21', 0, 'Vivyanne'),
	(10, 10, 99.1, 'basic', '2017-05-17', '2017-06-20', 1, 'Callida'),
	(11, 11, 53.9, 'premium', '2017-05-17', '2017-07-06', 0, 'Ruperta'),
	(12, 12, 64.8, 'basic', '2017-05-14', '2017-07-08', 0, 'Christiana'),
	(13, 13, 64.5, 'gold', '2017-05-15', '2017-06-29', 0, 'Delcina'),
	(14, 14, 83.1, 'premium', '2017-05-07', '2017-06-01', 1, 'Martie'),
	(15, 15, 52.6, 'gold', '2017-05-20', '2017-06-20', 0, 'Laurianne'),
	(16, 1, 70.1, 'gold', '2017-06-29', '2017-07-10', 0, 'Kerry'),
	(17, 2, 93.1, 'gold', '2017-05-24', '2017-07-07', 1, 'Stephi'),
	(18, 3, 75.5, 'premium', '2017-06-05', '2017-07-07', 1, 'Marlie'),
	(19, 4, 65.6, 'premium', '2017-06-10', '2017-07-14', 0, 'Korie'),
	(20, 5, 70.7, 'gold', '2017-06-24', '2017-07-08', 0, 'Felix'),
	(21, 6, 51.0, 'premium', '2017-07-27', '2017-08-03', 1, 'Libbi'),
	(22, 7, 56.6, 'gold', '2017-06-30', '2017-07-02', 0, 'Carine'),
	(23, 8, 66.3, 'premium', '2017-07-14', '2017-07-21', 1, 'Ado'),
	(24, 9, 97.9, 'basic', '2017-06-24', '2017-06-30', 1, 'Ardys'),
	(25, 10, 49.7, 'gold', '2017-06-24', '2017-06-30', 1, 'Lola'),
	(26, 11, 70.5, 'premium', '2017-07-10', '2017-07-30', 0, 'Cari'),
	(27, 12, 75.9, 'basic', '2017-07-24', '2017-08-19', 1, 'Dion'),
	(28, 13, 49.9, 'basic', '2017-06-30', '2017-07-11', 1, 'Heida'),
	(29, 14, 67.7, 'basic', '2017-06-15', '2017-06-27', 0, 'Joellen'),
	(30, 15, 44.2, 'basic', '2017-07-01', '2017-07-10', 1, 'Arleen'),
	(31, 1, 51.0, 'premium', '2017-07-27', '2017-08-03', 1, 'Libbi'),
	(32, 2, 56.6, 'gold', '2017-07-09', '2017-07-29', 0, 'Carine'),
	(33, 3, 66.3, 'premium', '2017-07-14', '2017-07-21', 1, 'Ado'),
	(34, 4, 97.9, 'basic', '2017-07-24', '2017-08-30', 1, 'Ardys'),
	(35, 5, 49.7, 'gold', '2017-07-10', '2017-07-30', 1, 'Lola'),
	(36, 6, 70.5, 'premium', '2017-08-10', '2017-08-30', 0, 'Cari'),
	(37, 7, 75.9, 'basic', '2017-07-24', '2017-08-19', 1, 'Dion'),
	(38, 8, 49.9, 'basic', '2017-07-30', '2017-08-11', 1, 'Heida'),
	(39, 9, 67.7, 'basic', '2017-07-15', '2017-07-27', 0, 'Joellen'),
	(40, 10, 44.2, 'basic', '2017-07-01', '2017-07-10', 1, 'Arleen'),
	(41, 11, 70.5, 'premium', '2017-08-10', '2017-08-30', 0, 'Cari'),
	(42, 12, 75.9, 'basic', '2017-07-30', '2017-08-19', 1, 'Dion'),
	(43, 13, 49.9, 'basic', '2017-07-13', '2017-07-27', 1, 'Heida'),
	(44, 14, 67.7, 'basic', '2017-06-30', '2017-07-27', 0, 'Joellen'),
	(45, 15, 44.2, 'basic', '2017-07-11', '2017-08-10', 1, 'Arleen');